{"cameraMode":{"drawMode":0,"name":"Shaded","section":"Shading Mode"},"sceneLighting":false,"audioPlay":false,"sceneViewState":{"showFog":true,"showMaterialUpdate":false,"showSkybox":false,"showFlares":true,"showImageEffects":true,"showParticleSystems":true},"in2DMode":false,"pivot":{"x":0.11260637640953064,"y":0.02739422395825386,"z":0.28841859102249148},"rotation":{"x":-0.036406077444553378,"y":-0.26885637640953066,"z":0.010171621106564999,"w":-0.9624444842338562},"size":0.6786401867866516,"orthographic":false}