{"cameraMode":{"drawMode":0,"name":"Shaded","section":"Shading Mode"},"sceneLighting":false,"audioPlay":false,"sceneViewState":{"showFog":true,"showMaterialUpdate":false,"showSkybox":false,"showFlares":true,"showImageEffects":true,"showParticleSystems":true},"in2DMode":false,"pivot":{"x":0.36017394065856936,"y":1.2142114639282227,"z":1.4353561401367188},"rotation":{"x":-0.07359888404607773,"y":-0.06219302862882614,"z":0.004599594511091709,"w":-0.9953404068946838},"size":0.3321237862110138,"orthographic":false}