{"cameraMode":{"drawMode":0,"name":"Shaded","section":"Shading Mode"},"sceneLighting":false,"audioPlay":false,"sceneViewState":{"showFog":true,"showMaterialUpdate":false,"showSkybox":false,"showFlares":true,"showImageEffects":true,"showParticleSystems":true},"in2DMode":false,"pivot":{"x":0.052161213010549548,"y":0.003042757511138916,"z":-0.0025748685002326967},"rotation":{"x":-0.2587648928165436,"y":0.08592433482408524,"z":-0.023115603253245355,"w":-0.9618368148803711},"size":0.3279568552970886,"orthographic":false}