{"cameraMode":{"drawMode":0,"name":"Shaded","section":"Shading Mode"},"sceneLighting":false,"audioPlay":false,"sceneViewState":{"showFog":true,"showMaterialUpdate":false,"showSkybox":false,"showFlares":true,"showImageEffects":true,"showParticleSystems":true},"in2DMode":false,"pivot":{"x":0.030878297984600068,"y":0.0458744540810585,"z":0.01967691443860531},"rotation":{"x":-0.13713429868221284,"y":-0.26487845182418826,"z":0.03808680921792984,"w":-0.9537238478660584},"size":0.29057568311691286,"orthographic":false}