{"cameraMode":{"drawMode":0,"name":"Shaded","section":"Shading Mode"},"sceneLighting":false,"audioPlay":false,"sceneViewState":{"showFog":true,"showMaterialUpdate":false,"showSkybox":false,"showFlares":true,"showImageEffects":true,"showParticleSystems":true},"in2DMode":false,"pivot":{"x":-4.218733787536621,"y":2.9530222415924074,"z":-168.3357696533203},"rotation":{"x":-0.6390467882156372,"y":-0.127993643283844,"z":0.10897641628980637,"w":-0.7505794167518616},"size":0.38417160511016848,"orthographic":false}