{"cameraMode":{"drawMode":0,"name":"Shaded","section":"Shading Mode"},"sceneLighting":false,"audioPlay":false,"sceneViewState":{"showFog":true,"showMaterialUpdate":false,"showSkybox":false,"showFlares":true,"showImageEffects":true,"showParticleSystems":true},"in2DMode":false,"pivot":{"x":-0.2926240563392639,"y":-0.042158618569374087,"z":0.07136078923940659},"rotation":{"x":0.07455659657716751,"y":-0.5971442461013794,"z":0.05588151514530182,"w":0.7967098355293274},"size":0.6012022495269775,"orthographic":false}