{"cameraMode":{"drawMode":0,"name":"Shaded","section":"Shading Mode"},"sceneLighting":false,"audioPlay":false,"sceneViewState":{"showFog":true,"showMaterialUpdate":false,"showSkybox":false,"showFlares":true,"showImageEffects":true,"showParticleSystems":true},"in2DMode":false,"pivot":{"x":-0.13027210533618928,"y":1.1867854595184327,"z":1.7016620635986329},"rotation":{"x":-0.057019442319869998,"y":0.09479833394289017,"z":-0.005437166895717382,"w":-0.9938520789146423},"size":0.6209834218025208,"orthographic":false}