{"cameraMode":{"drawMode":0,"name":"Shaded","section":"Shading Mode"},"sceneLighting":false,"audioPlay":false,"sceneViewState":{"showFog":true,"showMaterialUpdate":false,"showSkybox":false,"showFlares":true,"showImageEffects":true,"showParticleSystems":true},"in2DMode":false,"pivot":{"x":0.0,"y":-7.450580596923828e-9,"z":-0.02901669219136238},"rotation":{"x":-0.11694185435771942,"y":-0.041107676923274997,"z":0.004861754830926657,"w":-0.9922994375228882},"size":0.38308992981910708,"orthographic":false}