{"cameraMode":{"drawMode":0,"name":"Shaded","section":"Shading Mode"},"sceneLighting":false,"audioPlay":false,"sceneViewState":{"showFog":true,"showMaterialUpdate":false,"showSkybox":false,"showFlares":true,"showImageEffects":true,"showParticleSystems":true},"in2DMode":false,"pivot":{"x":0.008772315457463265,"y":0.11521001905202866,"z":0.09213189035654068},"rotation":{"x":-0.12081119418144226,"y":0.23931998014450074,"z":-0.030024439096450807,"w":-0.9629319906234741},"size":0.3211207389831543,"orthographic":false}